18 November 2016,Friday,9.00 am,AC1101,ACCOUNTING I,2.5
18 November 2016,Friday,9.00 am,AD1101,FINANCIAL ACCOUNTING,2.5
18 November 2016,Friday,9.00 am,BA3201,LIFE CONTINGENCIES AND DEMOGRAPHY,3
18 November 2016,Friday,9.00 am,BF2207,INTERNATIONAL FINANCE,2
18 November 2016,Friday,9.00 am,BS2002,MICROBIOLOGY,2.5
18 November 2016,Friday,9.00 am,BS4004,CURRENT TOPICS IN IMMUNOLOGY,3
18 November 2016,Friday,9.00 am,CE2004,CIRCUITS AND SIGNAL ANALYSIS,2
18 November 2016,Friday,9.00 am,CE4064,SECURITY MANAGEMENT,2
18 November 2016,Friday,9.00 am,CH4306,BIOANALYTICAL TECHNIQUES,2.5
18 November 2016,Friday,9.00 am,CV4101,STRUCTURAL ANALYSIS III,2.5
18 November 2016,Friday,9.00 am,CZ4064,SECURITY MANAGEMENT,2
18 November 2016,Friday,9.00 am,EE2004,DIGITAL ELECTRONICS,2.5
18 November 2016,Friday,9.00 am,EE4490,MULTIMEDIA SYSTEMS,2
18 November 2016,Friday,9.00 am,HC4051,"TEXT, RHETORIC AND STYLE",2.5
18 November 2016,Friday,9.00 am,HP1000,INTRODUCTION TO PSYCHOLOGY,2.5
18 November 2016,Friday,9.00 am,IM1004,DIGITAL ELECTRONICS,2.5
18 November 2016,Friday,9.00 am,IM4490,MULTIMEDIA SYSTEMS,2
18 November 2016,Friday,9.00 am,MA2001,MECHANICS OF MATERIALS,2
18 November 2016,Friday,9.00 am,MS4014,NANOMATERIALS: FUNDAMENTALS AND APPLICATIONS,2
18 November 2016,Friday,9.00 am,MT4104,INFORMATION TECHNOLOGY MANAGEMENT,2.5
18 November 2016,Friday,9.00 am,PH1105,"OPTICS, VIBRATIONS AND WAVES",2.5
18 November 2016,Friday,9.00 am,PH115S,"OPTICS, VIBRATIONS AND WAVES",2.5
18 November 2016,Friday,9.00 am,SS3401,MOTOR LEARNING & CONTROL II,2.5
18 November 2016,Friday,9.00 am,SS3603,HUMAN RESOURCE MANAGEMENT IN SPORT,2.5
18 November 2016,Friday,2.30 pm,AB1202,STATISTICS AND ANALYSIS,2
18 November 2016,Friday,2.30 pm,BG2141,MECHANICS OF MATERIALS,2.5
18 November 2016,Friday,2.30 pm,BS2102,CHINESE MATERIA MEDICA,2.5
18 November 2016,Friday,2.30 pm,BS3101,TREATISE ON EXOGENOUS FEBRILE DISEASES,2.5
18 November 2016,Friday,2.30 pm,CE1005,DIGITAL LOGIC,2
18 November 2016,Friday,2.30 pm,CE3005,COMPUTER NETWORKS,2
18 November 2016,Friday,2.30 pm,CM3041,PHYSICAL AND BIOPHYSICAL CHEMISTRY 2,2
18 November 2016,Friday,2.30 pm,CM4041,QUANTUM CHEMISTRY AND STATISTICAL THERMODYNAMICS,2
18 November 2016,Friday,2.30 pm,CV2013,ENGINEERING GEOLOGY AND SOIL MECHANICS,2.5
18 November 2016,Friday,2.30 pm,CZ1005,DIGITAL LOGIC,2
18 November 2016,Friday,2.30 pm,EE2003,SEMICONDUCTOR FUNDAMENTALS,2.5
18 November 2016,Friday,2.30 pm,HA2011,COST-BENEFIT ANALYSIS IN PUBLIC POLICY,2.5
18 November 2016,Friday,2.30 pm,HC2013,CRITICAL APPROACHES TO CHINESE LITERATURE AND CULTURE,2.5
18 November 2016,Friday,2.30 pm,HC3062,CHINESE OVERSEAS AND CHINA,2.5
18 November 2016,Friday,2.30 pm,HE1002,MACROECONOMIC PRINCIPLES,2.5
18 November 2016,Friday,2.30 pm,HL1002,SURVEY OF ENGLISH LITERATURE 1,2.5
18 November 2016,Friday,2.30 pm,HL2041,ASIAN HISTORICAL FICTION,2.5
18 November 2016,Friday,2.30 pm,HP4106,MENTAL HEALTH IN THE COMMUNITY,2.5
18 November 2016,Friday,2.30 pm,MA3002,SOLID MECHANICS AND VIBRATION,2.5
18 November 2016,Friday,2.30 pm,MA3703,FLIGHT DYNAMICS,2
18 November 2016,Friday,2.30 pm,MH4701,MATHEMATICAL PROGRAMMING,2
18 November 2016,Friday,2.30 pm,MS2012,INTRODUCTION TO MANUFACTURING PROCESSES,2
18 November 2016,Friday,2.30 pm,PH4408,NUCLEAR PHYSICS,2.5
18 November 2016,Friday,2.30 pm,RE2002,ELECTRONIC AND INFORMATION ENGINEERING II,2.5
21 November 2016,Monday,9.00 am,AC2401,ACCOUNTING INFORMATION SYSTEMS,2.5
21 November 2016,Monday,9.00 am,BA3203,ACTUARIAL ASPECTS OF ASSET VALUATION,3
21 November 2016,Monday,9.00 am,BG4215,BIOMEDICAL NANOTECHNOLOGY,2.5
21 November 2016,Monday,9.00 am,BS1102,TCM IN ANCIENT CHINESE,2.5
21 November 2016,Monday,9.00 am,BS4009,BIOLOGY OF AGING,2.5
21 November 2016,Monday,9.00 am,CE4003,COMPUTER VISION,2
21 November 2016,Monday,9.00 am,CM4031,ASYMMETRIC SYNTHESIS,2
21 November 2016,Monday,9.00 am,CPE412,COMPUTER VISION & IMAGE PROCESSING,2
21 November 2016,Monday,9.00 am,CSC408,COMPUTER VISION & IMAGE PROCESSING,2
21 November 2016,Monday,9.00 am,CV3015,ENVIRONMENTAL ENGINEERING,2.5
21 November 2016,Monday,9.00 am,CZ2004,HUMAN COMPUTER INTERACTION,2
21 November 2016,Monday,9.00 am,CZ4003,COMPUTER VISION,2
21 November 2016,Monday,9.00 am,EE3001,ENGINEERING ELECTROMAGNETICS,2.5
21 November 2016,Monday,9.00 am,HC3011,STUDIES OF SELECTED POETS,2.5
21 November 2016,Monday,9.00 am,HE2006,INTERNATIONAL MONETARY ECONOMICS,2.5
21 November 2016,Monday,9.00 am,HH3003,MIGRATION & DIASPORA: CHIN EXP IN COMPARATIVE PERSPECTIVE,2.5
21 November 2016,Monday,9.00 am,HS1003,SOCIAL PROBLEMS IN A GLOBAL CONTEXT,2.5
21 November 2016,Monday,9.00 am,MA4002,FLUID DYNAMICS,2.5
21 November 2016,Monday,9.00 am,MH1810,MATHEMATICS 1,2
21 November 2016,Monday,9.00 am,SS3001,"STATISTICS, MEASUREMENT & EVALUATION",2.5
21 November 2016,Monday,1.00 pm,AB1601,ORGANISATIONAL BEHAVIOUR & DESIGN,2
21 November 2016,Monday,1.00 pm,BF3203,EQUITY SECURITIES,2.5
21 November 2016,Monday,1.00 pm,BS1003,ORGANIC CHEMISTRY,2
21 November 2016,Monday,1.00 pm,CE1008,ENGINEERING MATHEMATICS,2
21 November 2016,Monday,1.00 pm,CE1011,ENGINEERING MATHEMATICS I,2
21 November 2016,Monday,1.00 pm,CE3003,MICROCONTROLLER PROGRAMMING,2
21 November 2016,Monday,1.00 pm,CH4101,"CHEMICAL, BIOLOGICAL AND PLANT SAFETY",2.5
21 November 2016,Monday,1.00 pm,CM4043,MOLECULAR MODELLING:PRINCIPLES AND APPLICATIONS,2
21 November 2016,Monday,1.00 pm,CS0204,BASIC MEDIA WRITING,2
21 November 2016,Monday,1.00 pm,CV2011,STRUCTURAL ANALYSIS I,2.5
21 November 2016,Monday,1.00 pm,CY1601,MATHEMATICS I,2.5
21 November 2016,Monday,1.00 pm,CZ1008,ENGINEERING MATHEMATICS,2
21 November 2016,Monday,1.00 pm,CZ1011,ENGINEERING MATHEMATICS I,2
21 November 2016,Monday,1.00 pm,EE0040,ENGINEERS & SOCIETY,2
21 November 2016,Monday,1.00 pm,EE2008,DATA STRUCTURES & ALGORITHMS,2.5
21 November 2016,Monday,1.00 pm,HA1002,INTRODUCTION TO POLITICAL THEORY,2.5
21 November 2016,Monday,1.00 pm,HL3013,POSTMODERNISM,2.5
21 November 2016,Monday,1.00 pm,HS2023,ENVIRONMENTAL SOCIOLOGY,2.5
21 November 2016,Monday,1.00 pm,IM1001,DATA STRUCTURES & ALGORITHMS,2.5
21 November 2016,Monday,1.00 pm,MA3006,FLUID MECHANICS,2.5
21 November 2016,Monday,1.00 pm,MP2305,FLUID MECHANICS,2.5
21 November 2016,Monday,1.00 pm,MS4012,QUALITY CONTROL,2
21 November 2016,Monday,1.00 pm,PH1104,MECHANICS,2.5
21 November 2016,Monday,1.00 pm,PH114S,MECHANICS,2.5
21 November 2016,Monday,1.00 pm,PH3101,QUANTUM MECHANICS II,2.5
21 November 2016,Monday,1.00 pm,RE1001,MATHEMATICS I,2.5
21 November 2016,Monday,5.00 pm,BU8301,FUNDAMENTALS OF BUSINESS LAW,2.5
21 November 2016,Monday,5.00 pm,CE4052,EMBEDDED SOFTWARE DEVELOPMENT,2
21 November 2016,Monday,5.00 pm,CM8002,FORENSIC SCIENCE,2
21 November 2016,Monday,5.00 pm,CM8022,APPLICATIONS OF FORENSIC SCIENCE,2
21 November 2016,Monday,5.00 pm,CM9021,MATERIALS CHEMISTRY,2
21 November 2016,Monday,5.00 pm,CPE483,EMBEDDED SOFTWARE DEVELOPMENT,2
21 November 2016,Monday,5.00 pm,DG9001,"S'PORE ARCHITECTURE:THE HIS,CULTURAL & SOC-ECON PERSPECTIVES",2
21 November 2016,Monday,5.00 pm,HE9091,PRINCIPLES OF ECONOMICS,2.5
21 November 2016,Monday,5.00 pm,MA4830,REALTIME SOFTWARE FOR MECHATRONIC SYSTEMS,2
21 November 2016,Monday,5.00 pm,MA4843,MANAGEMENT OF PRODUCT DEVELOPMENT,2.5
21 November 2016,Monday,5.00 pm,MA4850,SUPPLY CHAIN AND LOGISTICS MANAGEMENT,2.5
22 November 2016,Tuesday,9.00 am,AB1301,BUSINESS LAW,2.5
22 November 2016,Tuesday,9.00 am,BA2203,STATISTICAL MODELLING,3
22 November 2016,Tuesday,9.00 am,BF2209,DERIVATIVE SECURITIES,2.5
22 November 2016,Tuesday,9.00 am,BG3102,CONTROL IN BIOSYSTEMS,2.5
22 November 2016,Tuesday,9.00 am,BS2003,BIOCHEMISTRY II,2.5
22 November 2016,Tuesday,9.00 am,BS3021,BIOIMAGING TECHNIQUES IN EM,2.5
22 November 2016,Tuesday,9.00 am,CE2001,ALGORITHMS,2
22 November 2016,Tuesday,9.00 am,CSC421,NATURAL LANGUAGE PROCESSING,2
22 November 2016,Tuesday,9.00 am,CZ2001,ALGORITHMS,2
22 November 2016,Tuesday,9.00 am,CZ4045,NATURAL LANGUAGE PROCESSING,2
22 November 2016,Tuesday,9.00 am,EE3002,MICROPROCESSORS,2.5
22 November 2016,Tuesday,9.00 am,HA2024,STATISTICAL FOUNDATIONS FOR PUBLIC ADMNISTRATION AND POLICY,2.5
22 November 2016,Tuesday,9.00 am,HE1001,MICROECONOMIC PRINCIPLES,2.5
22 November 2016,Tuesday,9.00 am,HP3807,OCCUPATIONAL HEALTH PSYCHOLOGY,2.5
22 November 2016,Tuesday,9.00 am,IM2002,MICROPROCESSORS,2.5
22 November 2016,Tuesday,9.00 am,MA2005,ENGINEERING GRAPHICS,2.5
22 November 2016,Tuesday,9.00 am,MH1800,CALCULUS FOR THE SCIENCES I,2
22 November 2016,Tuesday,9.00 am,MH3600,KNOTS AND SURFACES:INTRODUCTION TO TOPOLOGY,2
22 November 2016,Tuesday,9.00 am,MH4510,DATA MINING,2
22 November 2016,Tuesday,9.00 am,MS2018,ELECTRONICS & MAGNETIC PROPERTIES OF MATERIALS,2
22 November 2016,Tuesday,9.00 am,MT1001,MATHEMATICS I FOR MARITIME STUDIES,2.5
22 November 2016,Tuesday,9.00 am,MT4101,INTERMODAL TRANSPORTATION,2.5
22 November 2016,Tuesday,9.00 am,PH3601,FABRICATION OF MICRO-AND NANOELECTRONIC DEVICES,2.5
22 November 2016,Tuesday,9.00 am,RE1003,MECHANICAL AND STRUCTURAL ENGINEERING I,2.5
22 November 2016,Tuesday,9.00 am,SS3101,EXERCISE & SPORT PHYSIOLOGY II,2.5
22 November 2016,Tuesday,9.00 am,SS3604,LEGAL ASPECTS IN SPORT,2.5
22 November 2016,Tuesday,1.00 pm,AC3102,RISK REPORTING & ANALYSIS,2.5
22 November 2016,Tuesday,1.00 pm,BH2603,TALENT SOURCING & ACQUISITION,2
22 November 2016,Tuesday,1.00 pm,BR2201,RISK MODELLING,2.5
22 November 2016,Tuesday,1.00 pm,BS3020,PLANT BIOTECHNOLOGY,2.5
22 November 2016,Tuesday,1.00 pm,CE1003,INTRODUCTION TO COMPUTATIONAL THINKING,2
22 November 2016,Tuesday,1.00 pm,CH1104,MATERIALS AND ENERGY BALANCES,2.5
22 November 2016,Tuesday,1.00 pm,CH1119,MATERIALS & ENERGY BALANCE AND THERMODYNAMICS,2.5
22 November 2016,Tuesday,1.00 pm,CM3062,CHEMISTRY AND BIOLOGICAL CHEMISTRY LABORATORY 4,2
22 November 2016,Tuesday,1.00 pm,CS2401,"INFORMATION ANALYTICS: TOOLS, TECHNIQUES AND TECHNOLOGIES",2
22 November 2016,Tuesday,1.00 pm,CV4112,TRAFFIC ENGINEERING,2.5
22 November 2016,Tuesday,1.00 pm,CZ1003,INTRODUCTION TO COMPUTATIONAL THINKING,2
22 November 2016,Tuesday,1.00 pm,CZ3002,ADVANCED SOFTWARE ENGINEERING,2
22 November 2016,Tuesday,1.00 pm,EE2002,ANALOG ELECTRONICS,2.5
22 November 2016,Tuesday,1.00 pm,EE4265,PROCESS CONTROL SYSTEMS,2
22 November 2016,Tuesday,1.00 pm,EE4476,IMAGE PROCESSING,2
22 November 2016,Tuesday,1.00 pm,EE4645,MICROFABRICATION ENGINEERING,2
22 November 2016,Tuesday,1.00 pm,EN3002,WASTEWATER ENGINEERING,2.5
22 November 2016,Tuesday,1.00 pm,HC2031,CONFUCIAN THOUGHT,2.5
22 November 2016,Tuesday,1.00 pm,HE2008,PUBLIC FINANCE,2.5
22 November 2016,Tuesday,1.00 pm,HP1100,FUNDAMENTALS OF SOCIAL SCIENCE RESEARCH,2.5
22 November 2016,Tuesday,1.00 pm,HP4101,CLINICAL PSYCHOLOGY,2.5
22 November 2016,Tuesday,1.00 pm,HS3001,CONTEMPORARY SOCIAL THEORY,2.5
22 November 2016,Tuesday,1.00 pm,IM4476,IMAGE PROCESSING,2
22 November 2016,Tuesday,1.00 pm,MA3004,MATHEMATICAL METHODS IN ENGINEERING,2.5
22 November 2016,Tuesday,1.00 pm,MH2100,CALCULUS III,2
22 November 2016,Tuesday,1.00 pm,MS4631,CORROSION ENGINEERING,2
22 November 2016,Tuesday,1.00 pm,SS2002,MOTOR LEARNING & CONTROL 1,2.5
22 November 2016,Tuesday,5.00 pm,BU8101,ACCOUNTING: A USER PERSPECTIVE,2.5
22 November 2016,Tuesday,5.00 pm,CE4051,EMBEDDED SYSTEMS DESIGN,2
22 November 2016,Tuesday,5.00 pm,CPE482,EMBEDDED SYSTEMS DESIGN,2
22 November 2016,Tuesday,5.00 pm,CS8060,INTRODUCTION TO ADVERTISING,2
22 November 2016,Tuesday,5.00 pm,EE8086,"ASTRONOMY - STARS, GALAXIES AND COSMOLOGY",2
22 November 2016,Tuesday,5.00 pm,HC1002,INTRODUCTION TO CHINESE LANGUAGE,2.5
22 November 2016,Tuesday,5.00 pm,HP8001,MIND OVER STRESS,2
22 November 2016,Tuesday,5.00 pm,HP8003,ARE YOU OKAY? MENTAL HEALTH IN SINGAPORE,2
22 November 2016,Tuesday,5.00 pm,HT9102,LANGUAGE FOUNDATION FOR TRANSLATION,2.5
22 November 2016,Tuesday,5.00 pm,MA4845,MANUFACTURING AUTOMATION,2.5
22 November 2016,Tuesday,5.00 pm,MA4849,OPERATIONS RESEARCH,2.5
23 November 2016,Wednesday,9.00 am,AC1102,ACCOUNTING II,2.5
23 November 2016,Wednesday,9.00 am,BH3301,EMPLOYMENT LAW,2.5
23 November 2016,Wednesday,9.00 am,BM3506,STRATEGIC BRAND MANAGEMENT,2.5
23 November 2016,Wednesday,9.00 am,BS3018,PLANT BIOLOGY,2.5
23 November 2016,Wednesday,9.00 am,CE2003,DIGITAL SYSTEMS DESIGN,2
23 November 2016,Wednesday,9.00 am,CE4022,PERSONAL MOBILE NETWORKS,2
23 November 2016,Wednesday,9.00 am,CH1105,MATERIALS SCIENCE,2
23 November 2016,Wednesday,9.00 am,CH2103,FLUID SYSTEMS,2.5
23 November 2016,Wednesday,9.00 am,CH2113,FLUIDS SYSTEMS,2.5
23 November 2016,Wednesday,9.00 am,CH3141,ADVANCED UNIT OPERATIONS,2.5
23 November 2016,Wednesday,9.00 am,CPE487,PERSONAL MOBILE NETWORKS,2
23 November 2016,Wednesday,9.00 am,CS2021,NEWS REPORTING AND WRITING,2
23 November 2016,Wednesday,9.00 am,CSC487,PERSONAL MOBILE NETWORKS,2
23 November 2016,Wednesday,9.00 am,CY1308,PHYSICS,2.5
23 November 2016,Wednesday,9.00 am,CZ4022,PERSONAL MOBILE NETWORKS,2
23 November 2016,Wednesday,9.00 am,EE4001,SOFTWARE ENGINEERING,2
23 November 2016,Wednesday,9.00 am,EN2001,ENVIRONMENTAL ISSUES IN A CHANGING WORLD,2.5
23 November 2016,Wednesday,9.00 am,HA2017,FOREIGN POLICY ANALYSIS,2.5
23 November 2016,Wednesday,9.00 am,HC3003,SOUTHEAST ASIAN CHINESE,2.5
23 November 2016,Wednesday,9.00 am,HE2007,MONEY AND BANKING,2.5
23 November 2016,Wednesday,9.00 am,HL2027,EARLY AMERICAN LITERATURE,2.5
23 November 2016,Wednesday,9.00 am,HL4033,MAJOR AUTHOR STUDY: JAMES JOYCE,2.5
23 November 2016,Wednesday,9.00 am,IM2001,SOFTWARE ENGINEERING,2
23 November 2016,Wednesday,9.00 am,MA1002,FUNDAMENTAL ENGINEERING MATERIALS,2
23 November 2016,Wednesday,9.00 am,MA2701,FLIGHT PERFORMANCE,2.5
23 November 2016,Wednesday,9.00 am,MS1015,MATERIALS SCIENCE,2
23 November 2016,Wednesday,9.00 am,MS4610,ADVANCED BIOMATERIALS,2
23 November 2016,Wednesday,9.00 am,PH1011,PHYSICS,2.5
23 November 2016,Wednesday,1.00 pm,AB1501,MARKETING,2.5
23 November 2016,Wednesday,1.00 pm,BM2506,DIGITAL MARKETING:CONNECTING WITH CUSTOMERS IN TODAY'S WORLD,2
23 November 2016,Wednesday,1.00 pm,BS4014,MOLECULAR BASIS OF DISEASES,2.5
23 November 2016,Wednesday,1.00 pm,CE1007,DATA STRUCTURES,2
23 November 2016,Wednesday,1.00 pm,CH4250,SPECIAL TOPICS: POLYMERS FOR NANOTECHNOLOGY,2.5
23 November 2016,Wednesday,1.00 pm,CM2011,ANALYTICAL CHEMISTRY,2
23 November 2016,Wednesday,1.00 pm,CS2400,FOUNDATION OF INFORMATION ANALYTICS,2
23 November 2016,Wednesday,1.00 pm,CV4011,PROJECT PLANNING & MANAGEMENT,2.5
23 November 2016,Wednesday,1.00 pm,CZ1007,DATA STRUCTURES,2
23 November 2016,Wednesday,1.00 pm,EE2001,CIRCUIT ANALYSIS,2.5
23 November 2016,Wednesday,1.00 pm,EE3013,SEMICONDUCTOR DEVICES & PROCESSING,2
23 November 2016,Wednesday,1.00 pm,HA1001,INTRODUCTION TO INTERNATIONAL RELATIONS AND FOREIGN POLICY,2.5
23 November 2016,Wednesday,1.00 pm,HG1001,MIND AND MEANING,2.5
23 November 2016,Wednesday,1.00 pm,HL1007,CLASSICAL LITERATURE,2.5
23 November 2016,Wednesday,1.00 pm,HP2500,PERSONALITY AND INDIVIDUAL DIFFERENCES,2.5
23 November 2016,Wednesday,1.00 pm,MA2004,MANUFACTURING PROCESSES,2.5
23 November 2016,Wednesday,1.00 pm,MH4930,SPECIAL TOPICS IN MATHEMATICS,2
23 November 2016,Wednesday,1.00 pm,MS2014,MATERIALS STRUCTURE AND DEFECTS,2
23 November 2016,Wednesday,1.00 pm,PH116S,ELECTRICITY AND MAGNETISM,2.5
23 November 2016,Wednesday,1.00 pm,PH3501,FLUID MECHANICS,2.5
23 November 2016,Wednesday,1.00 pm,SS3301,EXERCISE & SPORT PSYCHOLOGY II,2.5
23 November 2016,Wednesday,5.00 pm,BU8201,BUSINESS FINANCE,2
23 November 2016,Wednesday,5.00 pm,CE9002,HOW COMPUTERS WORK,2
23 November 2016,Wednesday,5.00 pm,CH3103,CHEMICAL THERMODYNAMICS,2.5
23 November 2016,Wednesday,5.00 pm,CM9101,FOOD CHEMISTRY AND NUTRITION,2
23 November 2016,Wednesday,5.00 pm,CS8100,FUNDAMENTALS OF COMMUNICATION STUDIES,2
23 November 2016,Wednesday,5.00 pm,CV3013,FOUNDATION ENGINEERING,2.5
23 November 2016,Wednesday,5.00 pm,CZ4073,SPECIAL TOPIC: DATA SCIENCE FOR BUSINESS,2
23 November 2016,Wednesday,5.00 pm,EE8084,CYBER SECURITY,2
23 November 2016,Wednesday,5.00 pm,ES8001,NATURAL HAZARDS AND SOCIETY,2
23 November 2016,Wednesday,5.00 pm,HC2001,"DIRECTED READINGS OF LITERARY WORKS: PRE-QIN,HAN,WEI AND JIN",2.5
23 November 2016,Wednesday,5.00 pm,HE3001,MATHEMATICAL ECONOMICS,2.5
23 November 2016,Wednesday,5.00 pm,HL8028,MONSTERS IN LITERATURE AND FILM,2
23 November 2016,Wednesday,5.00 pm,HP8002,WORKING IN THE 21ST CENTURY,2
23 November 2016,Wednesday,5.00 pm,HS0201,CONTEMPORARY SINGAPORE SOCIETY,2.5
23 November 2016,Wednesday,5.00 pm,MA4811,PSYCHROMETRY AND AIR CONDITIONING,2.5
23 November 2016,Wednesday,5.00 pm,MA4814,COMPUTATIONAL FLUID DYNAMICS,2.5
23 November 2016,Wednesday,5.00 pm,MA4847,HUMAN FACTORS ENGINEERING,2.5
23 November 2016,Wednesday,5.00 pm,MS8205,MATERIALS FOR ENERGY CONVERSION,2
24 November 2016,Thursday,9.00 am,AD2101,MANAGEMENT ACCOUNTING,2.5
24 November 2016,Thursday,9.00 am,BM2505,MARKETING CHANNELS,2.5
24 November 2016,Thursday,9.00 am,BS2001,PHYSIOLOGY,2
24 November 2016,Thursday,9.00 am,CH1131,BIOMOLECULAR ENGINEERING,2.5
24 November 2016,Thursday,9.00 am,CM1031,BASIC ORGANIC CHEMISTRY WITH LABORATORY,2
24 November 2016,Thursday,9.00 am,CM3021,ORGANOMETALLIC CHEMISTRY,2
24 November 2016,Thursday,9.00 am,CPE489,DATA ANALYTICS AND MINING,2
24 November 2016,Thursday,9.00 am,CSC489,DATA ANALYTICS AND MINING,2
24 November 2016,Thursday,9.00 am,CV0002,ENGINEERS & SOCIETY,2.5
24 November 2016,Thursday,9.00 am,CZ4032,DATA ANALYTICS AND MINING,2
24 November 2016,Thursday,9.00 am,EE2007,ENGINEERING MATHEMATICS II,2.5
24 November 2016,Thursday,9.00 am,EE4717,WEB APPLICATION DESIGN,2
24 November 2016,Thursday,9.00 am,HE4002,ADVANCED MACROECONOMICS,2.5
24 November 2016,Thursday,9.00 am,HH2005,EAST ASIA: TRADITION AND MODERNITY,2.5
24 November 2016,Thursday,9.00 am,HL3004,WORLD CINEMA,2.5
24 November 2016,Thursday,9.00 am,HS1002,SINGAPORE SOCIETY IN TRANSITION,2.5
24 November 2016,Thursday,9.00 am,HS3016,SOCIETIES IN COMPARATIVE PERSPECTIVE,2.5
24 November 2016,Thursday,9.00 am,IM2007,ENGINEERING MATHEMATICS II,2.5
24 November 2016,Thursday,9.00 am,IM4717,WEB APPLICATION DESIGN,2
24 November 2016,Thursday,9.00 am,MA0101,ENGINEERS AND SOCIETY,2.5
24 November 2016,Thursday,9.00 am,MA2012,INTRODUCTION TO MECHATRONICS SYSTEMS DESIGN,2
24 November 2016,Thursday,9.00 am,MP4007,ENGINEERS AND SOCIETY,2.5
24 November 2016,Thursday,9.00 am,MS3012,MICRO/NANOELECTRONIC MATERIALS PROCESSING,2
24 November 2016,Thursday,9.00 am,PH2104,ANALYTICAL MECHANICS,2.5
24 November 2016,Thursday,9.00 am,PH4501,STATISTICAL MECHANICS II,2.5
24 November 2016,Thursday,1.00 pm,AB1401,INFORMATION TECHNOLOGY,2.5
24 November 2016,Thursday,1.00 pm,AC2101,ACCOUNTING RECOGNITION AND MEASUREMENT,2.5
24 November 2016,Thursday,1.00 pm,BG1103,CHEMISTRY FOR ENGINEERS,2.5
24 November 2016,Thursday,1.00 pm,BS4010,SYNTHETIC BIOLOGY,2.5
24 November 2016,Thursday,1.00 pm,CE1006,COMPUTER ORGANISATION AND ARCHITECTURE,2
24 November 2016,Thursday,1.00 pm,CM4016,PHARMACEUTICAL CHEMISTRY,2
24 November 2016,Thursday,1.00 pm,CM9001,CONCEPTUAL CHEMISTRY WITH LABORATORY,2
24 November 2016,Thursday,1.00 pm,CS2031,CREATIVE STRATEGIES,2
24 November 2016,Thursday,1.00 pm,CY1101,PRINCIPLES OF MODERN CHEMISTRY,2
24 November 2016,Thursday,1.00 pm,CZ1006,COMPUTER ORGANISATION AND ARCHITECTURE,2
24 November 2016,Thursday,1.00 pm,CZ3003,SOFTWARE SYSTEMS ANALYSIS AND DESIGN,2
24 November 2016,Thursday,1.00 pm,EE2010,SIGNALS & SYSTEMS,2.5
24 November 2016,Thursday,1.00 pm,EE4341,ADVANCED ANALOG CIRCUITS,2
24 November 2016,Thursday,1.00 pm,EE4530,POWER SYSTEM ANALYSIS AND CONTROL,2
24 November 2016,Thursday,1.00 pm,HC1001,INTRODUCTION TO THE STUDY OF LITERATURE AND CULTURE,2.5
24 November 2016,Thursday,1.00 pm,HC2010,CLASSICAL CHINESE FICTION,2.5
24 November 2016,Thursday,1.00 pm,HE2005,PRINCIPLES OF ECONOMETRICS,2.5
24 November 2016,Thursday,1.00 pm,HL2011,REPRESENTATIONS OF ASIA,2.5
24 November 2016,Thursday,1.00 pm,HL4013,ADVANCED STUDIES IN LITERATURE AND CULTURE,2.5
24 November 2016,Thursday,1.00 pm,HP3703,HEALTH PSYCHOLOGY,2.5
24 November 2016,Thursday,1.00 pm,MA1001,DYNAMICS,2.5
24 November 2016,Thursday,1.00 pm,MA4704,AEROELASTICITY,2.5
24 November 2016,Thursday,1.00 pm,MA4803,NOISE AND VIBRATION CONTROL,2.5
24 November 2016,Thursday,1.00 pm,MH3210,NUMBER THEORY,2
24 November 2016,Thursday,1.00 pm,MH4320,COMPUTATIONAL ECONOMICS,2
24 November 2016,Thursday,1.00 pm,MS2013,POLYMERS AND COMPOSITES,2
24 November 2016,Thursday,1.00 pm,MS4013,BIOMATERIALS,2
24 November 2016,Thursday,1.00 pm,MT4001,SHIPPING LOGISTICS,2.5
24 November 2016,Thursday,1.00 pm,PH3602,PHOTONICS,2.5
24 November 2016,Thursday,1.00 pm,SS1102,INTRODUCTION TO SPORT MANAGEMENT,2.5
24 November 2016,Thursday,5.00 pm,BG4309,TISSUE ENGINEERING & GENE THERAPY,2
24 November 2016,Thursday,5.00 pm,BS8004,TRADITIONAL CHINESE MEDICINE: A PRIMER COURSE,2
24 November 2016,Thursday,5.00 pm,BU8601,FUNDAMENTALS OF MANAGEMENT,2
24 November 2016,Thursday,5.00 pm,CE0001,ENGINEERS & SOCIETY,2
24 November 2016,Thursday,5.00 pm,CM9081,MEDICINAL CHEMISTRY,2
24 November 2016,Thursday,5.00 pm,CS8900,GLOBAL CINEMA,2
24 November 2016,Thursday,5.00 pm,CV4102,ADVANCED STEEL DESIGN,2.5
24 November 2016,Thursday,5.00 pm,CZ0001,ENGINEERS & SOCIETY,2
24 November 2016,Thursday,5.00 pm,EE8061,INNOVATION AND TECHNOLOGY MANAGEMENT,2
24 November 2016,Thursday,5.00 pm,EM9105,ENERGY RESOURCES MANAGEMENT,2.5
24 November 2016,Thursday,5.00 pm,ES8005,ENVIRONMENTAL EARTH SYSTEMS SCIENCE,2
24 November 2016,Thursday,5.00 pm,HC0301,ENVIRONMENTAL ETHICS AND CHINESE THOUGHT,2.5
24 November 2016,Thursday,5.00 pm,HG8003,TECHNOLOGICALLY SPEAKING:THE INTERSECTION OF LANG & TECHNO,2
24 November 2016,Thursday,5.00 pm,HP0301,PSYCHOLOGY FOR SUSTAINABILITY,2
24 November 2016,Thursday,5.00 pm,MA4800,BIOMECHANICS,2.5
24 November 2016,Thursday,5.00 pm,MA4832,MICROPROCESSOR SYSTEMS,2.5
24 November 2016,Thursday,5.00 pm,MA8103,HUMAN RESOURCE MANAGEMENT,2
24 November 2016,Thursday,5.00 pm,MP4008,HUMAN RESOURCE MANAGEMENT,2
25 November 2016,Friday,9.00 am,BR2202,INSURANCE LAW AND REGULATIONS,2.5
25 November 2016,Friday,9.00 am,BS0001,BIOLOGY AND SOCIETY,2
25 November 2016,Friday,9.00 am,BT2403,SERVICES OPERATIONS MANAGEMENT,2.5
25 November 2016,Friday,9.00 am,CH4223,PETROLEUM REFINING,2.5
25 November 2016,Friday,9.00 am,CV2012,STRUCTURAL ANALYSIS II,2.5
25 November 2016,Friday,9.00 am,CY1402,COMPUTING,2.5
25 November 2016,Friday,9.00 am,CZ2007,INTRODUCTION TO DATABASES,2
25 November 2016,Friday,9.00 am,CZ4031,DATABASE SYSTEM PRINCIPLES,2
25 November 2016,Friday,9.00 am,EE3011,MODELLING AND CONTROL,2
25 November 2016,Friday,9.00 am,EE4413,DSP SYSTEM DESIGN,2
25 November 2016,Friday,9.00 am,EE4694,IC RELIABILITY AND FAILURE ANALYSIS,2
25 November 2016,Friday,9.00 am,FE1008,COMPUTING,2.5
25 November 2016,Friday,9.00 am,HC2032,DIVISION & INTEGRATION: FROM CHUNQIU TO WUDAI,2.5
25 November 2016,Friday,9.00 am,HE3010,ENERGY ECONOMICS,2.5
25 November 2016,Friday,9.00 am,HL1001,INTRODUCTION TO THE STUDY OF LITERATURE,2.5
25 November 2016,Friday,9.00 am,HL2002,RENAISSANCE LITERATURE,2.5
25 November 2016,Friday,9.00 am,HP3801,PSYCHOLOGY IN THE WORKPLACE,2.5
25 November 2016,Friday,9.00 am,HS2005,ORGANIZATIONS AND ORGANIZATIONAL CHANGE,2.5
25 November 2016,Friday,9.00 am,HS2905,ORGANIZATIONS AND ORGANIZATIONAL CHANGE,2.5
25 November 2016,Friday,9.00 am,IM4413,DSP SYSTEM DESIGN,2
25 November 2016,Friday,9.00 am,MA3010,THERMODYNAMICS AND HEAT TRANSFER,2.5
25 November 2016,Friday,9.00 am,MA3702,AIRCRAFT PROPULSION,2.5
25 November 2016,Friday,9.00 am,MH1200,LINEAR ALGEBRA I,2
25 November 2016,Friday,9.00 am,MS3014,ANALYSIS OF MATERIALS,2
25 November 2016,Friday,9.00 am,MT4003,MARITIME STRATEGY,2.5
25 November 2016,Friday,9.00 am,PH4403,SURFACES AND INTERFACES,2.5
25 November 2016,Friday,9.00 am,RE8003,FUNDAMENTALS OF MANAGEMENT,2.5
25 November 2016,Friday,9.00 am,SS0111,SPORT AND CULTURE IN SINGAPORE: A SOCIOLOGICAL PERSPECTIVE,2.5
25 November 2016,Friday,9.00 am,SS3501,SOCIOLOGY OF SPORT II,2.5
25 November 2016,Friday,2.30 pm,AB0901,PRINCIPLES OF ECONOMICS: A SINGAPORE PERSPECTIVE,2
25 November 2016,Friday,2.30 pm,AB3601,STRATEGIC MANAGEMENT,2
25 November 2016,Friday,2.30 pm,BG2131,BIOMATERIALS,2.5
25 November 2016,Friday,2.30 pm,BG3105,BIOMEDICAL INSTRUMENTATION,2.5
25 November 2016,Friday,2.30 pm,BS1002,BIOPHYSICAL CHEMISTRY,2.5
25 November 2016,Friday,2.30 pm,BS4013,PHYSIOLOGICAL SYSTEMS: ANIMAL MODELS FOR DRUG DEVELOPMENT,2.5
25 November 2016,Friday,2.30 pm,CE1012,ENGINEERING MATHEMATICS II,2
25 November 2016,Friday,2.30 pm,CE3002,"SENSORS, INTERFACING AND CONTROL",2
25 November 2016,Friday,2.30 pm,CZ1012,ENGINEERING MATHEMATICS II,2
25 November 2016,Friday,2.30 pm,EE2006,ENGINEERING MATHEMATICS I,2.5
25 November 2016,Friday,2.30 pm,EE4758,INFORMATION SECURITY,2
25 November 2016,Friday,2.30 pm,HE4010,SINGAPORE ECONOMY IN A GLOBALIZED WORLD,2.5
25 November 2016,Friday,2.30 pm,HL3010,EUROPEAN LITERATURE,2.5
25 November 2016,Friday,2.30 pm,HS2013,MIGRATION AND MULTICULTURALISM,2.5
25 November 2016,Friday,2.30 pm,IM2006,ENGINEERING MATHEMATICS I,2.5
25 November 2016,Friday,2.30 pm,IM3003,INFORMATION SECURITY,2
25 November 2016,Friday,2.30 pm,MA2003,INTRODUCTION TO THERMO-FLUIDS,2.5
25 November 2016,Friday,2.30 pm,MH4200,ABSTRACT ALGEBRA II,2
25 November 2016,Friday,2.30 pm,MP4012,DESIGN OPTIMIZATION AND ANALYSIS,2.5
25 November 2016,Friday,2.30 pm,MS4660,FUNDAMENTALS OF INTELLECTUAL PROPERTY IN MATLS SCI AND ENG,2
25 November 2016,Friday,2.30 pm,MT2002,SHIPPING ECONOMICS,2.5
25 November 2016,Friday,2.30 pm,PH117S,RELATIVITY AND QUANTUM PHYSICS,2.5
25 November 2016,Friday,2.30 pm,PH1801,FOUNDATIONS OF PHYSICS I,2.5
25 November 2016,Friday,2.30 pm,PH4604,TOPICS IN APPLIED PHYSICS,2.5
28 November 2016,Monday,9.00 am,AC2104,ASSURANCE AND AUDITING,2.5
28 November 2016,Monday,9.00 am,AC3101,ASSURANCE AND AUDITING,2.5
28 November 2016,Monday,9.00 am,BS3004,CANCER BIOLOGY,1.5
28 November 2016,Monday,9.00 am,CE2005,OPERATING SYSTEMS,2
28 November 2016,Monday,9.00 am,CE4062,COMPUTER SECURITY (SYSTEM SECURITY),2
28 November 2016,Monday,9.00 am,CH2107,COMPUTATIONAL METHODS IN CHEMICAL ENGINEERING,2.5
28 November 2016,Monday,9.00 am,CV2015,HYDRAULICS,2.5
28 November 2016,Monday,9.00 am,CZ2005,OPERATING SYSTEMS,2
28 November 2016,Monday,9.00 am,CZ4062,COMPUTER SECURITY (SYSTEM SECURITY),2
28 November 2016,Monday,9.00 am,EE3019,INTEGRATED ELECTRONICS,2
28 November 2016,Monday,9.00 am,EE4151,RF AND MICROWAVE ENGINEERING,2
28 November 2016,Monday,9.00 am,EE4503,POWER ENGINEERING DESIGN,2
28 November 2016,Monday,9.00 am,HA1012,FUNDAMENTALS OF POLITICS,2.5
28 November 2016,Monday,9.00 am,HC2053,VARIETIES OF CHINESE,2.5
28 November 2016,Monday,9.00 am,HP2200,BIOLOGICAL PSYCHOLOGY,2.5
28 November 2016,Monday,9.00 am,HP4104,EVIDENCE-BASED PRACTICE IN CLINICAL PSYCHOLOGY,2.5
28 November 2016,Monday,9.00 am,HS2001,CLASSICAL SOCIAL THEORY,2.5
28 November 2016,Monday,9.00 am,MS0002,ENGINEERS & SOCIETY,2
28 November 2016,Monday,9.00 am,PH1012,PHYSICS A,2.5
28 November 2016,Monday,9.00 am,PH2103,THERMAL PHYSICS,2.5
28 November 2016,Monday,1.00 pm,AB1201,FINANCIAL MANAGEMENT,2
28 November 2016,Monday,1.00 pm,BA2202,MATHEMATICS OF FINANCE,3
28 November 2016,Monday,1.00 pm,BS1001,INTRODUCTORY BIOLOGY,2.5
28 November 2016,Monday,1.00 pm,CE3006,DIGITAL COMMUNICATIONS,2
28 November 2016,Monday,1.00 pm,CH9203,FOOD PROCESS ENGINEERING,3
28 November 2016,Monday,1.00 pm,CM2021,INORGANIC AND BIOINORGANIC CHEMISTRY,2
28 November 2016,Monday,1.00 pm,CPE301,DIGITAL COMMUNICATIONS,2
28 November 2016,Monday,1.00 pm,CS4053,POPULAR CINEMA,2
28 November 2016,Monday,1.00 pm,CY1001,INTRODUCTORY BIOLOGY,2.5
28 November 2016,Monday,1.00 pm,EE3012,COMMUNICATION PRINCIPLES,2
28 November 2016,Monday,1.00 pm,EE4207,CONTROL ENGINEERING DESIGN,2
28 November 2016,Monday,1.00 pm,HC2005,GENERAL HISTORY OF CHINA,2.5
28 November 2016,Monday,1.00 pm,HE2004,INTRODUCTORY ECONOMETRICS,2.5
28 November 2016,Monday,1.00 pm,HE3007,FINANCIAL ECONOMICS,2.5
28 November 2016,Monday,1.00 pm,HL4009,POPULAR LITERATURE AND CULTURE,2.5
28 November 2016,Monday,1.00 pm,HS3002,UNDERSTANDING SOCIAL STATISTICS,2.5
28 November 2016,Monday,1.00 pm,IM3002,COMMUNICATION PRINCIPLES,2
28 November 2016,Monday,1.00 pm,MA2002,THEORY OF MECHANISM,2.5
28 November 2016,Monday,1.00 pm,MA3704,AIRCRAFT ELECTRICAL DEVICES,2
28 November 2016,Monday,1.00 pm,MH1300,FOUNDATIONS OF MATHEMATICS,2
28 November 2016,Monday,1.00 pm,MS1016,THERMODYNAMICS OF MATERIALS,2
28 November 2016,Monday,1.00 pm,MS3013,ENVIRONMENTAL EFFECTS ON MATERIALS,2
28 November 2016,Monday,1.00 pm,PH3403,COSMOLOGY,2.5
28 November 2016,Monday,1.00 pm,RE1004,ENGINEERING SCIENCE I,2.5
28 November 2016,Monday,1.00 pm,SS3103,SPORTS INJURIES II,2.5
28 November 2016,Monday,5.00 pm,BS8003,SCIENCE OR FICTION? - BIOLOGY IN POPULAR MEDIA,2
28 November 2016,Monday,5.00 pm,BU8501,MARKETING FOR THE 21ST CENTURY,2
28 November 2016,Monday,5.00 pm,BU8541,SPORT MARKETING - MARKETING OF CHAMPIONS,2
28 November 2016,Monday,5.00 pm,CE4023,ADVANCED COMPUTER NETWORKS,2
28 November 2016,Monday,5.00 pm,CH4220,SPECIAL TOPICS IN INDUSTRIAL CHEMISTRY AND GREEN PROCESSING,2.5
28 November 2016,Monday,5.00 pm,CM9083,HETEROCYCLIC CHEMISTRY,2
28 November 2016,Monday,5.00 pm,CPE402,ADVANCED COMPUTER NETWORKS,2
28 November 2016,Monday,5.00 pm,CSC402,ADVANCED COMPUTER NETWORKS,2
28 November 2016,Monday,5.00 pm,CV3011,REINFORCED CONCRETE DESIGN,2.5
28 November 2016,Monday,5.00 pm,CZ4023,ADVANCED COMPUTER NETWORKS,2
28 November 2016,Monday,5.00 pm,EE8066,HAPPINESS 101,2
28 November 2016,Monday,5.00 pm,HC2040,UNDERSTANDING CHINA,2.5
28 November 2016,Monday,5.00 pm,HL8001,MADNESS IN LITERATURE & FILM,2
28 November 2016,Monday,5.00 pm,HP0201,EMPLOYMENT RELATIONS FOR WORK AND CAREERS IN SINGAPORE,2
28 November 2016,Monday,5.00 pm,HP8005,INTRODUCTION TO HUMAN RESOURCE MANAGEMENT,2
28 November 2016,Monday,5.00 pm,HS8008,UNDERSTANDING CULTURE & GLOBALISATION,2
28 November 2016,Monday,5.00 pm,MA4838,NON-CONVENTIONAL MANUFACTURING PROCESSES,2.5
28 November 2016,Monday,5.00 pm,MA4844,INDUSTRIAL DESIGN,2.5
29 November 2016,Tuesday,9.00 am,AC2301,PRINCIPLES OF TAXATION,2.5
29 November 2016,Tuesday,9.00 am,BG4234,STEM CELL FUNDAMENTALS,2
29 November 2016,Tuesday,9.00 am,BM3505,SERVICES MARKETING,2.5
29 November 2016,Tuesday,9.00 am,BS211S,EQUATIONS OF LIFE,2
29 November 2016,Tuesday,9.00 am,CE2002,OBJECT ORIENTED DESIGN AND PROGRAMMING,2
29 November 2016,Tuesday,9.00 am,CE4011,PARALLEL COMPUTING,2
29 November 2016,Tuesday,9.00 am,CPE423,PARALLEL PROCESSING,2
29 November 2016,Tuesday,9.00 am,CSC423,PARALLEL PROCESSING,2
29 November 2016,Tuesday,9.00 am,CV1011,MECHANICS OF MATERIALS,2.5
29 November 2016,Tuesday,9.00 am,CV4107,ENGINEERING ECONOMICS & FINANCE,2.5
29 November 2016,Tuesday,9.00 am,CY1401,ALGORITHMS AND COMPUTING I,2
29 November 2016,Tuesday,9.00 am,CZ2002,OBJECT ORIENTED DESIGN & PROGRAMMING,2
29 November 2016,Tuesday,9.00 am,CZ4011,PARALLEL COMPUTING,2
29 November 2016,Tuesday,9.00 am,EE0001,IMPACT OF ELECTROMAGNETIC RADIATION ON HUMANS,2
29 November 2016,Tuesday,9.00 am,EE4305,DIGITAL DESIGN WITH HDL,2
29 November 2016,Tuesday,9.00 am,EE4532,POWER ELECTRONICS AND DRIVES,2
29 November 2016,Tuesday,9.00 am,HA2015,CHINA IN AFRICA,2.5
29 November 2016,Tuesday,9.00 am,HC2004,"DIRECTED READINGS OF LITERARY WORKS: YUAN, MING AND QING",2.5
29 November 2016,Tuesday,9.00 am,HC4010,CLASSICAL CHINESE LITERARY THEORY,2.5
29 November 2016,Tuesday,9.00 am,HE3005,ENVIRONMENTAL ECONOMICS,2.5
29 November 2016,Tuesday,9.00 am,HL2006,MODERNISM,2.5
29 November 2016,Tuesday,9.00 am,HP3101,APPLIED STATISTICAL METHODS FOR PSYCHOLOGICAL RESEARCH,2.5
29 November 2016,Tuesday,9.00 am,HP4103,"THE FORENSIC PSYCHOLOGY OF CRIME, TERRORISM AND DISASTERS",2.5
29 November 2016,Tuesday,9.00 am,HS2008,SOCIAL CLASS AND INEQUALITY,2.5
29 November 2016,Tuesday,9.00 am,MA2006,ENGINEERING MATHEMATICS,2.5
29 November 2016,Tuesday,9.00 am,MA4705,AIRCRAFT NAVIGATION AND FLIGHT COMPUTERS,2.5
29 November 2016,Tuesday,9.00 am,MH1401,ALGORITHMS AND COMPUTING I,2
29 November 2016,Tuesday,9.00 am,MH3101,COMPLEX ANALYSIS,2
29 November 2016,Tuesday,9.00 am,MS4651,THIN FILM TECHNOLOGY,2
29 November 2016,Tuesday,9.00 am,PH4507,TOPICS IN PHYSICS,2.5
29 November 2016,Tuesday,9.00 am,RE1005,INTRODUCTORY THERMAL SCIENCES AND ELECTRICITY,2.5
29 November 2016,Tuesday,9.00 am,SS3601,SPORT MARKETING & SPONSORSHIP,2.5
29 November 2016,Tuesday,9.30 am,RE6008,MANAGEMENT OF INTELLECTUAL PROPERTY AND INNOVATION,3
29 November 2016,Tuesday,1.00 pm,BE1401,BUSINESS OPERATIONS AND PROCESS,2.5
29 November 2016,Tuesday,1.00 pm,BE3201,ENTREPRENEURIAL FINANCE,2
29 November 2016,Tuesday,1.00 pm,BG3104,BIOMEDICAL IMAGING,2.5
29 November 2016,Tuesday,1.00 pm,BS2101,ANATOMY,2.5
29 November 2016,Tuesday,1.00 pm,CM2061,CHEMISTRY AND BIOLOGICAL CHEMISTRY LABORATORY 1,2
29 November 2016,Tuesday,1.00 pm,CZ3006,NET CENTRIC COMPUTING,2
29 November 2016,Tuesday,1.00 pm,EE4152,DIGITAL COMMUNICATIONS,2
29 November 2016,Tuesday,1.00 pm,HA3014,SINGAPORE'S FOREIGN POLICY,2.5
29 November 2016,Tuesday,1.00 pm,HE3013,URBAN ECONOMICS,2.5
29 November 2016,Tuesday,1.00 pm,HE4015,PERSONNEL ECONOMICS,2.5
29 November 2016,Tuesday,1.00 pm,HH4006,THE GREEN EARTH: ISSUES IN ENVIRONMENTAL HISTORY,2.5
29 November 2016,Tuesday,1.00 pm,HL3012,THE DISCOURSE OF LOVE,2.5
29 November 2016,Tuesday,1.00 pm,IM4152,DIGITAL COMMUNICATIONS,2
29 November 2016,Tuesday,1.00 pm,MA3005,CONTROL THEORY,2.5
29 November 2016,Tuesday,1.00 pm,MA3705,AEROSPACE CONTROL THEORY,2.5
29 November 2016,Tuesday,1.00 pm,MH1811,MATHEMATICS 2,2
29 November 2016,Tuesday,1.00 pm,MH2810,MATHEMATICS A,2
29 November 2016,Tuesday,1.00 pm,MH2814,PROBABILITY AND STATISTICS,2
29 November 2016,Tuesday,1.00 pm,MP3001,DYNAMICS & CONTROL,2.5
29 November 2016,Tuesday,1.00 pm,MS1013,MATERIALS CHEMISTRY I,2
29 November 2016,Tuesday,1.00 pm,SS2003,SPORT BIOMECHANICS 1,2.5
29 November 2016,Tuesday,5.00 pm,BU9201,INVESTMENTS,2
29 November 2016,Tuesday,5.00 pm,CE8003,HUMAN RESOURCE MANAGEMENT & ENTREPRENEURSHIP,2
29 November 2016,Tuesday,5.00 pm,CH0491,ENGINEERS & SOCIETY,2.5
29 November 2016,Tuesday,5.00 pm,CZ8003,HUMAN RESOURCE MANAGEMENT & ENTREPRENEURSHIP,2
29 November 2016,Tuesday,5.00 pm,EN3003,ENVIRONMENTAL TRANSPORT PROCESSES,2.5
29 November 2016,Tuesday,5.00 pm,HC8002,UNDERSTANDING CHINESE CINEMAS,2
29 November 2016,Tuesday,5.00 pm,HC8003,CHINESE TRADITION & SOCIETY (CHINESE),2
29 November 2016,Tuesday,5.00 pm,HE2011,LABOUR ECONOMICS & LABOUR RELATIONS,2.5
29 November 2016,Tuesday,5.00 pm,HL8026,WOMEN'S LITERATURE AND THE CONTEMPORARY,2
29 November 2016,Tuesday,5.00 pm,HT9301,"LINGUISTICS, CULTURE AND TRANSLATION",2.5
29 November 2016,Tuesday,5.00 pm,MA4804,OPTIMIZATION THEORY AND APPLICATIONS,2
29 November 2016,Tuesday,5.00 pm,MA4842,ENGINEERING METROLOGY,2.5
29 November 2016,Tuesday,5.00 pm,MH8300,IT'S DISCREETLY DISCRETE WLD:MATHS IN REAL-LIFE APPLICATIONS,2
29 November 2016,Tuesday,5.00 pm,MT1002,INTRODUCTION TO MARITIME INDUSTRY,2.5
30 November 2016,Wednesday,9.00 am,AC3103,ACCOUNTING ANALYSIS AND EQUITY VALUATION,2.5
30 November 2016,Wednesday,9.00 am,BF2201,INVESTMENTS,2
30 November 2016,Wednesday,9.00 am,BG2112,CARDIOVASCULAR ENGINEERING,2.5
30 November 2016,Wednesday,9.00 am,BS1005,BIOCHEMISTRY I,2.5
30 November 2016,Wednesday,9.00 am,CE4004,3D MODELLING AND ANIMATION,2
30 November 2016,Wednesday,9.00 am,CM3011,CHEMICAL SPECTROSCOPY AND APPLICATIONS,2
30 November 2016,Wednesday,9.00 am,CPE481,3D MODELLING AND ANIMATION,2
30 November 2016,Wednesday,9.00 am,CSC481,3D MODELLING AND ANIMATION,2
30 November 2016,Wednesday,9.00 am,CV3012,STEEL DESIGN,2.5
30 November 2016,Wednesday,9.00 am,CZ2003,COMPUTER GRAPHICS AND VISUALISATION,2
30 November 2016,Wednesday,9.00 am,CZ4004,3D MODELLING AND ANIMATION,2
30 November 2016,Wednesday,9.00 am,EE3014,DIGITAL SIGNAL PROCESSING,2
30 November 2016,Wednesday,9.00 am,EE4613,CMOS PROCESS & DEVICE SIMULATION,2
30 November 2016,Wednesday,9.00 am,EE4901,BIOMEDICAL CONTROL SYSTEM DESIGN,2
30 November 2016,Wednesday,9.00 am,EN4105,INTEGRATED ENVIRONMENTAL MANAGEMENT,2.5
30 November 2016,Wednesday,9.00 am,HA1007,PUBLIC POLICY-MAKING IN SINGAPORE,2.5
30 November 2016,Wednesday,9.00 am,HA4009,SPECIAL ISSUES IN PUBLIC POLICY,2.5
30 November 2016,Wednesday,9.00 am,HC3030,CHINESE BUDDHISM AND DAOISM,2.5
30 November 2016,Wednesday,9.00 am,HE4017,MONETARY ECONOMICS,2.5
30 November 2016,Wednesday,9.00 am,HL4034,BRITISH ASIAN LITERATURE,2.5
30 November 2016,Wednesday,9.00 am,HP3901,CULTURAL PSYCHOLOGY,2.5
30 November 2016,Wednesday,9.00 am,HS4015,SOCIOLOGY OF REPRODUCTION,2.5
30 November 2016,Wednesday,9.00 am,IM3001,DIGITAL SIGNAL PROCESSING,2
30 November 2016,Wednesday,9.00 am,MA2009,INTRODUCTION TO ELECTRICAL CIRCUITS & ELECTRONIC DEVICES,2.5
30 November 2016,Wednesday,9.00 am,MA3701,AERODYNAMICS,2.5
30 November 2016,Wednesday,9.00 am,MA8005,AIRCRAFT ELECTRICAL AND ELECTRONICS CIRCUITS,2.5
30 November 2016,Wednesday,9.00 am,MH3510,REGRESSION ANALYSIS,2
30 November 2016,Wednesday,9.00 am,MS4620,POLYMER TECHNOLOGY,2
30 November 2016,Wednesday,9.00 am,PH4402,CONDENSED MATTER PHYSICS II,2
30 November 2016,Wednesday,9.00 am,RE2003,MECHANICAL & STRUCTURAL ENGINEERING II,2.5
30 November 2016,Wednesday,9.00 am,SS1101,HUMAN ANATOMY AND PHYSIOLOGY,2.5
30 November 2016,Wednesday,1.00 pm,AC2302,COMPANY LAW AND CORPORATE GOVERNANCE,2.5
30 November 2016,Wednesday,1.00 pm,AC2312,COMPANY LAW AND CORPORATE GOVERNANCE,2.5
30 November 2016,Wednesday,1.00 pm,BC2402,DESIGNING AND DEVELOPING DATABASES,2
30 November 2016,Wednesday,1.00 pm,BF3204,FINANCIAL MODELLING,2
30 November 2016,Wednesday,1.00 pm,BG2104,ELECTRONICS FOR BIOMEDICAL ENGINEERS,2.5
30 November 2016,Wednesday,1.00 pm,BS4006,VIROLOGY,2.5
30 November 2016,Wednesday,1.00 pm,CM1021,BASIC INORGANIC CHEMISTRY WITH LABORATORY,2
30 November 2016,Wednesday,1.00 pm,CV3014,TRANSPORTATION ENGINEERING,2.5
30 November 2016,Wednesday,1.00 pm,CZ3007,COMPILER TECHNIQUES,2
30 November 2016,Wednesday,1.00 pm,EE1003,INTRODUCTION TO MATERIALS FOR ELECTRONICS,2
30 November 2016,Wednesday,1.00 pm,EE3010,ELECTRICAL DEVICES AND MACHINES,2
30 November 2016,Wednesday,1.00 pm,EE4188,WIRELESS COMMUNICATIONS,2
30 November 2016,Wednesday,1.00 pm,EE4340,VLSI SYSTEMS,2
30 November 2016,Wednesday,1.00 pm,HC3014,CULTURAL STUDIES OF CHINESE CINEMAS,2.5
30 November 2016,Wednesday,1.00 pm,HE3004,HEALTH ECONOMICS,2.5
30 November 2016,Wednesday,1.00 pm,HH4003,THE SILK ROAD: OLD AND NEW,2.5
30 November 2016,Wednesday,1.00 pm,HL4012,ADVANCED STUDIES IN DRAMA,2.5
30 November 2016,Wednesday,1.00 pm,HP4102,TRAUMA PSYCHOLOGY AND CRISIS MANAGEMENT,2.5
30 November 2016,Wednesday,1.00 pm,HS3007,RELIGION AND SOCIETY,2.5
30 November 2016,Wednesday,1.00 pm,IM4188,WIRELESS COMMUNICATIONS,2
30 November 2016,Wednesday,1.00 pm,MA3001,MACHINE ELEMENT DESIGN,2.5
30 November 2016,Wednesday,1.00 pm,MA4001,ENGINEERING DESIGN,2.5
30 November 2016,Wednesday,1.00 pm,MA4011,ENGINEERING PRODUCT DESIGN,2.5
30 November 2016,Wednesday,1.00 pm,MH1812,DISCRETE MATHEMATICS,2
30 November 2016,Wednesday,1.00 pm,MH2811,MATHEMATICS II,2
30 November 2016,Wednesday,1.00 pm,MH4311,CRYPTOGRAPHY,2
30 November 2016,Wednesday,1.00 pm,MH4513,SURVIVAL ANALYSIS,2
30 November 2016,Wednesday,1.00 pm,RE1002,ELECTRONICS AND INFORMATION ENGINEERING I,2.5
30 November 2016,Wednesday,5.00 pm,BU8401,MANAGEMENT DECISION TOOLS,2.5
30 November 2016,Wednesday,5.00 pm,CM9092,POLYMER CHEMISTRY,2
30 November 2016,Wednesday,5.00 pm,EM9107,ENVIRONMENTAL HEALTH AND SAFETY MANAGEMENT,2.5
30 November 2016,Wednesday,5.00 pm,HC0201,CHINESE LITERATURE IN SINGAPORE,2.5
30 November 2016,Wednesday,5.00 pm,HC8005,DIRECTED READINGS OF MODERN CHINESE SONG LYRICS (IN CHINESE),2
30 November 2016,Wednesday,5.00 pm,HE1003,BASIC MATHEMATICS FOR ECONOMISTS,2.5
30 November 2016,Wednesday,5.00 pm,HH1003,ASIA-PACIFIC IN GLOBAL HISTORY: FROM 1800,2.5
30 November 2016,Wednesday,5.00 pm,HP3702,CHILD PSYCHOPATHOLOGY,2.5
30 November 2016,Wednesday,5.00 pm,HT9101,"TRANSLATION: HISTORY, THEORIES & PRINCIPLES",2
30 November 2016,Wednesday,5.00 pm,MT1003,TRADE PRACTICE AND INCOTERMS,2.5
1 December 2016,Thursday,9.00 am,AC2103,"RISK MANAGEMENT, CONTROL AND ETHICS",2.5
1 December 2016,Thursday,9.00 am,AC3104,"RISK MANAGEMENT, CONTROL AND ETHICS",2.5
1 December 2016,Thursday,9.00 am,BG3103,SIGNAL PROCESSING IN BIOSYSTEMS,2
1 December 2016,Thursday,9.00 am,BL9301,LAW OF COMMERCIAL TRANSACTIONS,2.5
1 December 2016,Thursday,9.00 am,BL9311,LAW OF COMMERCIAL TRANSACTIONS,2.5
1 December 2016,Thursday,9.00 am,BS2020,MATHEMATICS AND PHYSICS TOPICS FOR STRUCTURAL BIOLOGISTS,2.5
1 December 2016,Thursday,9.00 am,BS3001,NEUROBIOLOGY,2.5
1 December 2016,Thursday,9.00 am,CE2006,SOFTWARE ENGINEERING,2
1 December 2016,Thursday,9.00 am,CM3031,ORGANIC REACTION MECHANISMS AND SYNTHESIS,2
1 December 2016,Thursday,9.00 am,CPE422,NEURAL NETWORKS,2
1 December 2016,Thursday,9.00 am,CSC422,NEURAL NETWORKS,2
1 December 2016,Thursday,9.00 am,CV4110,EXCAVATION & RETAINING WALLS,2.5
1 December 2016,Thursday,9.00 am,CZ2006,SOFTWARE ENGINEERING,2
1 December 2016,Thursday,9.00 am,CZ4042,NEURAL NETWORKS,2
1 December 2016,Thursday,9.00 am,EE3017,COMPUTER COMMUNICATIONS,2
1 December 2016,Thursday,9.00 am,EE4268,ROBOTICS & AUTOMATION,2
1 December 2016,Thursday,9.00 am,EN4104,ENVIRONMENTAL HYDRAULICS,2.5
1 December 2016,Thursday,9.00 am,HC2060,CHINESE EDUCATION IN SOUTHEAST ASIA,2.5
1 December 2016,Thursday,9.00 am,HC4055,CHINESE LANGUAGE ACQUISITION,2.5
1 December 2016,Thursday,9.00 am,HE2009,INDUSTRIAL ORGANISATION,2.5
1 December 2016,Thursday,9.00 am,HE4020,ECONOMETRIC TIME SERIES ANALYSIS,2.5
1 December 2016,Thursday,9.00 am,HL4023,ADVANCED STUDIES IN AMERICAN LITERATURE,2.5
1 December 2016,Thursday,9.00 am,HS1001,PERSON AND SOCIETY,2.5
1 December 2016,Thursday,9.00 am,IM2003,COMPUTER COMMUNICATIONS,2
1 December 2016,Thursday,9.00 am,MA0100,ENVIRONMENTAL SUSTAINABILITY,2.5
1 December 2016,Thursday,9.00 am,MA1701,INTRODUCTION TO AEROSPACE ENGINEERING,2.5
1 December 2016,Thursday,9.00 am,MH2500,PROBABILITY AND INTRODUCTION TO STATISTICS,2
1 December 2016,Thursday,9.00 am,MH2801,COMPLEX METHODS FOR THE SCIENCES,2
1 December 2016,Thursday,9.00 am,MH4700,NUMERICAL ANALYSIS II,2
1 December 2016,Thursday,9.00 am,MS4640,ADVANCED ANALYSIS OF MATERIALS,2
1 December 2016,Thursday,1.00 pm,BC2406,ANALYTICS I: VISUAL AND PREDICTIVE TECHNIQUES,2.5
1 December 2016,Thursday,1.00 pm,BF2206,WEALTH MANAGEMENT,2
1 December 2016,Thursday,1.00 pm,BG1131,MOLECULAR CELL BIOLOGY FOR BIOMEDICAL ENGINEERS,2.5
1 December 2016,Thursday,1.00 pm,BH2601,STRATEGIC HR MANAGEMENT & CONSULTING,2.5
1 December 2016,Thursday,1.00 pm,BS3005,ADVANCED MOLECULAR GENETICS,2.5
1 December 2016,Thursday,1.00 pm,BT2501,TOURISM & HOSPITALITY MANAGEMENT,2.5
1 December 2016,Thursday,1.00 pm,CE3007,DIGITAL SIGNAL PROCESSING,2
1 December 2016,Thursday,1.00 pm,CH9201,FOOD CHEMISTRY,3
1 December 2016,Thursday,1.00 pm,CZ3005,ARTIFICIAL INTELLIGENCE,2
1 December 2016,Thursday,1.00 pm,EE1002,PHYSICS FOUNDATION FOR ELECTRICAL & ELECTRONIC ENGINEERING,2.5
1 December 2016,Thursday,1.00 pm,EE4303,MIXED-SIGNAL IC DESIGN,2
1 December 2016,Thursday,1.00 pm,EE4483,ARTIFICIAL INTELLIGENCE & DATA MINING,2
1 December 2016,Thursday,1.00 pm,EE4903,PHYSIOLOGICAL SYSTEMS ANALYSIS,2
1 December 2016,Thursday,1.00 pm,EN3001,SOLID & HAZARDOUS WASTE MANAGEMENT,2.5
1 December 2016,Thursday,1.00 pm,HC1050,THE SCIENCE OF CHINESE CHARACTERS,2.5
1 December 2016,Thursday,1.00 pm,HE3003,THE CHINESE ECONOMY,2.5
1 December 2016,Thursday,1.00 pm,HL3017,THE RISE OF THE NOVEL,2.5
1 December 2016,Thursday,1.00 pm,HS3015,DEVELOPMENT AND SOCIAL CHANGE,2.5
1 December 2016,Thursday,1.00 pm,IM4483,ARTIFICIAL INTELLIGENCE & DATA MINING,2
1 December 2016,Thursday,1.00 pm,MA2007,THERMODYNAMICS,2.5
1 December 2016,Thursday,1.00 pm,MA3003,HEAT TRANSFER,2.5
1 December 2016,Thursday,1.00 pm,MH1100,CALCULUS I,2
1 December 2016,Thursday,1.00 pm,MH110S,CALCULUS I,2
1 December 2016,Thursday,1.00 pm,MH111S,CALCULUS II,2
1 December 2016,Thursday,1.00 pm,MP2303,THERMODYNAMICS,2.5
1 December 2016,Thursday,1.00 pm,MS3011,METALLIC & CERAMIC MATERIALS,2
1 December 2016,Thursday,1.00 pm,MT2003,MARITIME TECHNOLOGY,2.5
1 December 2016,Thursday,1.00 pm,PH3102,CONDENSED MATTER PHYSICS I,2.5
2 December 2016,Friday,9.00 am,AC2105,ACCOUNTING FOR DECISION MAKING & CONTROL,2.5
2 December 2016,Friday,9.00 am,BT2504,CORPORATE SOCIAL RESPONSIBILITY IN TOURISM AND HOSPITALITY,2
2 December 2016,Friday,9.00 am,CE2007,MICROPROCESSOR-BASED SYSTEMS DESIGN,2
2 December 2016,Friday,9.00 am,CE4016,ADVANCED TOPICS IN ALGORITHMS,2
2 December 2016,Friday,9.00 am,CH3101,PROCESS CONTROL AND DYNAMICS,2.5
2 December 2016,Friday,9.00 am,CH4106,FORMULATION OF ACTIVE PHARMACEUTICAL INGREDIENTS DOSAGE FORM,2.5
2 December 2016,Friday,9.00 am,CM2031,ORGANIC AND BIOORGANIC CHEMISTRY,2
2 December 2016,Friday,9.00 am,CM4013,CURRENT TOPICS IN ANALYTICAL CHEMISTRY,2
2 December 2016,Friday,9.00 am,CPE401,ADVANCED ALGORITHMS,2
2 December 2016,Friday,9.00 am,CS2024,WEB DESIGN AND TECHNOLOGIES,2
2 December 2016,Friday,9.00 am,CSC401,ADVANCED ALGORITHMS,2
2 December 2016,Friday,9.00 am,CZ4016,ADVANCED TOPICS IN ALGORITHMS,2
2 December 2016,Friday,9.00 am,EE3015,POWER SYSTEMS AND PROTECTION,2
2 December 2016,Friday,9.00 am,EE4110,OPTICAL COMMUNICATION SYSTEM DESIGN,2
2 December 2016,Friday,9.00 am,EE4647,MICROELECTRONIC DEVICES,2
2 December 2016,Friday,9.00 am,HA3013,MANAGING HUMAN RESOURCE AND BEHAVIOR IN THE PUBLIC SECTOR,2.5
2 December 2016,Friday,9.00 am,HE3002,GAME THEORY & APPLICATIONS TO SOCIAL SCIENCES,2.5
2 December 2016,Friday,9.00 am,HE4021,ADVANCED ECONOMETRICS,2.5
2 December 2016,Friday,9.00 am,HL4032,URBAN CULTURE ASIA,2.5
2 December 2016,Friday,9.00 am,HS2022,POPULATION AND SOCIETY,2.5
2 December 2016,Friday,9.00 am,MA4856,NAVAL ARCHITECTURE AND MARINE ENGINEERING,2.5
2 December 2016,Friday,9.00 am,MH3512,STOCHASTIC PROCESSES,2
2 December 2016,Friday,9.00 am,MS2015,MECHANICAL BEHAVIOUR OF MATERIALS,2
2 December 2016,Friday,9.00 am,MS4601,PRINCIPLES OF SEMICONDUCTOR DEVICES,2
2 December 2016,Friday,9.00 am,MT4002,ESSENTIALS OF PROJECT MANAGEMENT,2.5
2 December 2016,Friday,9.00 am,SU2001,URBAN PLANNING & DESIGN,2
2 December 2016,Friday,9.30 am,RE6007,STRATEGY AND TECHNOLOGY INNOVATION MANAGEMENT,3
2 December 2016,Friday,2.30 pm,BF3201,CORPORATE FINANCE AND STRATEGY,2
2 December 2016,Friday,2.30 pm,BM3502,GLOBAL BUSINESS STRATEGY,2.5
2 December 2016,Friday,2.30 pm,BS3003,DEVELOPMENTAL BIOLOGY,2.5
2 December 2016,Friday,2.30 pm,CE3001,ADVANCED COMPUTER ARCHITECTURE,2
2 December 2016,Friday,2.30 pm,CH2106,INTRODUCTION TO MULTIDISCIPLINARY ENGINEERING,2.5
2 December 2016,Friday,2.30 pm,CM4012,STRUCTURAL DETERMINATION,2
2 December 2016,Friday,2.30 pm,CM412S,STRUCTURAL DETERMINATION,2
2 December 2016,Friday,2.30 pm,CZ3001,ADVANCED COMPUTER ARCHITECTURE,2
2 December 2016,Friday,2.30 pm,EE3018,INTRODUCTION TO PHOTONICS,2
2 December 2016,Friday,2.30 pm,EE4266,COMPUTER VISION,2
2 December 2016,Friday,2.30 pm,EE4475,AUDIO SIGNAL PROCESSING,2
2 December 2016,Friday,2.30 pm,EM9104,AIR QUALITY MANAGEMENT,2.5
2 December 2016,Friday,2.30 pm,EN2002,ENVIRONMENTAL BIOLOGY AND MICROBIOLOGY,2.5
2 December 2016,Friday,2.30 pm,HA4006,SPECIAL TOPIC IN PUBLIC ADMINISTRATION,2.5
2 December 2016,Friday,2.30 pm,HC4017,STUDIES ON LU XUN,2.5
2 December 2016,Friday,2.30 pm,HE3016,PRINCIPLES OF MATHEMATICS FINANCE,2.5
2 December 2016,Friday,2.30 pm,IM4475,AUDIO SIGNAL PROCESSING,2
2 December 2016,Friday,2.30 pm,MA3700,AIRCRAFT STRUCTURES I,2.5
2 December 2016,Friday,2.30 pm,MA4702,AIRCRAFT STRUCTURES II,2.5
2 December 2016,Friday,2.30 pm,MA4825,ROBOTICS,2.5
2 December 2016,Friday,2.30 pm,MH2200,GROUPS AND SYMMETRIES,2
2 December 2016,Friday,2.30 pm,MH4511,SAMPLING & SURVEY,2.5
2 December 2016,Friday,2.30 pm,MS2016,PHASE TRANSFORMATION AND KINETICS,2
2 December 2016,Friday,2.30 pm,MS4650,FUNCTIONAL NANOSTRUCTURE MATERIALS,2
2 December 2016,Friday,2.30 pm,SS3201,SPORT BIOMECHANICS II,2.5
2 December 2016,Friday,2.30 pm,SS3602,EVENT & FACILITIES MANAGEMENT,2.5
